47.0,Conversion of Fraction Decimals Percents
2.0,Circle Graph
70.0,Percent Of
77.0,Finding Percents
83.0,Divisibility Rules
1.0,Box and Whisker
15.0,Range
13.0,Median
75.0,Square Root
63.0,Estimation
50.0,Ordering Fractions
51.0,Ordering Integers
35.0,Effect of Changing Dimensions of a Shape Prportionally
46.0,Calculations with Similar Figures
53.0,Ordering Real Numbers
309.0,"Order of Operations +,-,/,* () positive reals"
82.0,Scientific Notation
34.0,Unit Conversion Within a System
278.0,Addition and Subtraction Positive Decimals
10.0,Table
14.0,Mode
84.0,Prime Number
280.0,Addition and Subtraction Fractions
277.0,Addition and Subtraction Integers
58.0,Addition Whole Numbers
79.0,Proportion
81.0,Unit Rate
276.0,Multiplication and Division Positive Decimals
74.0,Subtraction Whole Numbers
85.0,Absolute Value
67.0,Multiplication Fractions
61.0,Division Fractions
12.0,Mean
11.0,Venn Diagram
65.0,Least Common Multiple
279.0,Multiplication and Division Integers
311.0,Equation Solving Two or Fewer Steps
312.0,Equation Solving More Than Two Steps
24.0,Congruence
32.0,Nets of 3D Figures
293.0,Translations
290.0,Reflection
292.0,Rotations
80.0,Scale Factor
92.0,Pattern Finding 
18.0,Probability of a Single Event
64.0,Fraction Of
49.0,Ordering Positive Decimals
310.0,Order of Operations All
25.0,Complementary and Supplementary Angles
48.0,Equivalent Fractions
8.0,Scatter Plot
301.0,Surface Area Rectangular Prism
17.0,Probability of Two Distinct Events
16.0,Counting Methods
325.0,Write Linear Equation from Graph
9.0,Stem and Leaf Plot
303.0,Volume Cylinder
26.0,Angles on Parallel Lines Cut by a Transversal
27.0,Pythagorean Theorem
110.0,D.4.8-understanding-concept-of-probabilities
86.0,Exponents
54.0,Rounding
39.0,Area Circle
317.0,Greatest Common Factor
40.0,Circumference 
42.0,Perimeter of a Polygon
307.0,Volume Rectangular Prism
69.0,Multiplication Whole Numbers
21.0,Interior Angles Figures with More than 3 Sides
22.0,Interior Angles Triangle
378.0,Solving Systems of Linear Equations by Graphing
350.0,Solving Systems of Linear Equations
173.0,Choose an Equation from Given Information
190.0,Intercept
193.0,Linear Equations
221.0,Slope
322.0,Write Linear Equation from Ordered Pairs
368.0,Solving for a variable
321.0,Computation with Real Numbers
346.0,Polynomial Factors
371.0,Simplifying Expressions positive exponents
4.0,Histogram as Table or Graph
297.0,Area Trapezoid
308.0,Volume Sphere
296.0,Area Rectangle
323.0,Write Linear Equation from Situation
5.0,Number Line
375.0,Solving Inequalities
294.0,Area Irregular Figure
365.0,Interpreting Coordinate Graphs 
298.0,Area Triangle
163.0,Absolute Value
166.0,Algebraic Solving
314.0,"Angles - Obtuse, Acute, and Right"
165.0,Algebraic Simplification
203.0,Percent Discount
217.0,Rate
204.0,Percents
356.0,Quadratic Formula to Solve Quadratic Equation
299.0,Surface Area Cylinder
343.0,Midpoint
43.0,Reading a Ruler or Scale
295.0,Area Parallelogram
340.0,Distributive Property
334.0,Finding Slope from Ordered Pairs
331.0,Finding Slope From Situation
333.0,Finding Slope From Equation
362.0,"Parts of a Polyomial, Terms, Coefficient, Monomial, Exponent, Variable"
324.0,Recognize Linear Pattern
348.0,Recognize Quadratic Pattern
